{
  "Cluster 0": {
    "p_bullet_dmg": {
      "mean": 0.3394668408136565,
      "std": 0.16201549621595324,
      "min": 0.0,
      "max": 0.7499999925000002
    },
    "p_water_dmg": {
      "mean": 0.17740087354541534,
      "std": 0.22050303676223296,
      "min": 0.0,
      "max": 1.0
    },
    "p_collision_dmg": {
      "mean": 0.483132285640928,
      "std": 0.16745420051143636,
      "min": 0.0,
      "max": 0.7894736864265928
    },
    "average_healing_percentage": {
      "mean": 0.2755046849688804,
      "std": 0.13100449135242187,
      "min": 0.09190184157662325,
      "max": 0.6527276153692226
    },
    "p_bullets_fired": {
      "mean": 0.04834946838189244,
      "std": 0.02567879595873748,
      "min": 0.0,
      "max": 0.10846953937592868
    },
    "p_bullets_missed": {
      "mean": 0.7671097150545121,
      "std": 0.17621667134094507,
      "min": 0.0,
      "max": 1.0
    },
    "average_bullet_time": {
      "mean": 253.9434474519726,
      "std": 109.485712497041,
      "min": 0.0,
      "max": 539.2666666666667
    },
    "p_accelerated": {
      "mean": 0.5969315988954533,
      "std": 0.055899334955911685,
      "min": 0.4221264367816092,
      "max": 0.7087786259541985
    },
    "p_right": {
      "mean": 0.19669300012945726,
      "std": 0.05227614129887877,
      "min": 0.07341001353179973,
      "max": 0.3318951211417192
    },
    "p_left": {
      "mean": 0.20637540097508933,
      "std": 0.05200739921595809,
      "min": 0.08420463032113518,
      "max": 0.3675287356321839
    },
    "size": 53,
    "files": [
      "player_logs_run_0_10_21_2024_12_11_15_[PRACTICE].csv",
      "player_logs_run_1_10_21_2024_12_12_23_[PRACTICE].csv",
      "player_logs_run_3_10_21_2024_12_15_53.csv",
      "player_logs_run_4_10_21_2024_12_17_00.csv",
      "player_logs_run_0_10_27_2024_20_38_31_[PRACTICE].csv",
      "player_logs_run_1_10_27_2024_20_39_52_[PRACTICE].csv",
      "player_logs_run_2_10_27_2024_20_41_36_[PRACTICE].csv",
      "player_logs_run_0_10_29_2024_13_03_00_[PRACTICE].csv",
      "player_logs_run_1_10_29_2024_13_04_05_[PRACTICE].csv",
      "player_logs_run_20_10_28_2024_11_54_21.csv",
      "player_logs_run_21_10_28_2024_11_55_13.csv",
      "player_logs_run_6_10_28_2024_11_37_38.csv",
      "player_logs_run_0_10_28_2024_14_00_27_[PRACTICE].csv",
      "player_logs_run_1_10_28_2024_14_02_02_[PRACTICE].csv",
      "player_logs_run_2_10_28_2024_14_03_06_[PRACTICE].csv",
      "player_logs_run_4_10_28_2024_14_08_20.csv",
      "player_logs_run_0_10_21_2024_12_27_15_[PRACTICE].csv",
      "player_logs_run_0_10_28_2024_14_14_50_[PRACTICE].csv",
      "player_logs_run_2_10_28_2024_14_18_55_[PRACTICE].csv",
      "player_logs_run_3_10_28_2024_14_20_14.csv",
      "player_logs_run_4_10_28_2024_14_22_17.csv",
      "player_logs_run_5_10_28_2024_14_23_49.csv",
      "player_logs_run_0_10_28_2024_19_29_36_[PRACTICE].csv",
      "player_logs_run_1_10_28_2024_19_30_30_[PRACTICE].csv",
      "player_logs_run_2_10_28_2024_19_31_36_[PRACTICE].csv",
      "player_logs_run_3_10_28_2024_19_32_57.csv",
      "player_logs_run_4_10_28_2024_19_34_45.csv",
      "player_logs_run_0_10_28_2024_20_59_57_[PRACTICE].csv",
      "player_logs_run_1_10_28_2024_21_01_18_[PRACTICE].csv",
      "player_logs_run_0_10_21_2024_12_39_00_[PRACTICE].csv",
      "player_logs_run_1_10_21_2024_12_40_50_[PRACTICE].csv",
      "player_logs_run_2_10_21_2024_12_42_10_[PRACTICE].csv",
      "player_logs_run_3_10_21_2024_12_45_15.csv",
      "player_logs_run_0_10_21_2024_12_10_36_[PRACTICE].csv",
      "player_logs_run_1_10_21_2024_12_13_36_[PRACTICE].csv",
      "player_logs_run_0_10_27_2024_15_39_01_[PRACTICE].csv",
      "player_logs_run_1_10_27_2024_15_39_24_[PRACTICE].csv",
      "player_logs_run_2_10_27_2024_15_40_25_[PRACTICE].csv",
      "player_logs_run_4_10_27_2024_15_42_13.csv",
      "player_logs_run_0_10_27_2024_21_23_33_[PRACTICE].csv",
      "player_logs_run_4_10_27_2024_21_31_02.csv",
      "player_logs_run_0_10_27_2024_21_36_06_[PRACTICE].csv",
      "player_logs_run_1_10_27_2024_21_37_26_[PRACTICE].csv",
      "player_logs_run_4_10_27_2024_21_44_17.csv",
      "player_logs_run_0_10_27_2024_22_25_57_[PRACTICE].csv",
      "player_logs_run_1_10_27_2024_22_27_35_[PRACTICE].csv",
      "player_logs_run_2_10_27_2024_22_29_08_[PRACTICE].csv",
      "player_logs_run_0_10_27_2024_21_58_17_[PRACTICE].csv",
      "player_logs_run_0_10_20_2024_13_55_46_[PRACTICE].csv",
      "player_logs_run_1_10_20_2024_13_56_02_[PRACTICE].csv",
      "player_logs_run_2_10_20_2024_13_57_12_[PRACTICE].csv",
      "player_logs_run_3_10_20_2024_13_58_42.csv",
      "player_logs_run_4_10_20_2024_14_01_34.csv"
    ]
  },
  "Cluster 1": {
    "p_bullet_dmg": {
      "mean": 0.6974661600940556,
      "std": 0.10647717918315472,
      "min": 0.49999999600000006,
      "max": 0.9
    },
    "p_water_dmg": {
      "mean": 0.009717899966644494,
      "std": 0.02275973934189227,
      "min": 0.0,
      "max": 0.10640800290371086
    },
    "p_collision_dmg": {
      "mean": 0.2928159399392999,
      "std": 0.1022379434594752,
      "min": 0.1,
      "max": 0.500000004
    },
    "average_healing_percentage": {
      "mean": 0.4662511841353166,
      "std": 0.3832508040516578,
      "min": 0.12409935877473072,
      "max": 1.8703604849048943
    },
    "p_bullets_fired": {
      "mean": 0.0466465199344101,
      "std": 0.021905317133521587,
      "min": 0.004353149231397089,
      "max": 0.08694704728699063
    },
    "p_bullets_missed": {
      "mean": 0.6730463513259645,
      "std": 0.1537429574838973,
      "min": 0.36,
      "max": 0.924812030075188
    },
    "average_bullet_time": {
      "mean": 267.4640401321082,
      "std": 105.35520917450376,
      "min": 0.0,
      "max": 472.3867924528302
    },
    "p_accelerated": {
      "mean": 0.7240009815816518,
      "std": 0.059661683189787616,
      "min": 0.5931818181818181,
      "max": 0.8316335659330828
    },
    "p_right": {
      "mean": 0.1343272332498593,
      "std": 0.04232551334070759,
      "min": 0.035118951286615956,
      "max": 0.21136363636363636
    },
    "p_left": {
      "mean": 0.1416717851684887,
      "std": 0.03979157317901452,
      "min": 0.041331186258722494,
      "max": 0.20572640509013787
    },
    "size": 28,
    "files": [
      "player_logs_run_2_10_21_2024_12_14_50_[PRACTICE].csv",
      "player_logs_run_3_10_27_2024_20_43_48.csv",
      "player_logs_run_4_10_27_2024_20_46_46.csv",
      "player_logs_run_5_10_27_2024_20_50_21.csv",
      "player_logs_run_2_10_29_2024_13_04_50_[PRACTICE].csv",
      "player_logs_run_3_10_29_2024_13_05_20.csv",
      "player_logs_run_4_10_29_2024_13_06_30.csv",
      "player_logs_run_3_10_28_2024_14_05_16.csv",
      "player_logs_run_1_10_21_2024_12_28_05_[PRACTICE].csv",
      "player_logs_run_2_10_21_2024_12_29_11_[PRACTICE].csv",
      "player_logs_run_3_10_21_2024_12_31_00.csv",
      "player_logs_run_4_10_21_2024_12_33_14.csv",
      "player_logs_run_1_10_28_2024_14_16_29_[PRACTICE].csv",
      "player_logs_run_4_10_21_2024_12_46_41.csv",
      "player_logs_run_2_10_21_2024_12_15_08_[PRACTICE].csv",
      "player_logs_run_3_10_21_2024_12_15_35.csv",
      "player_logs_run_4_10_21_2024_12_15_59.csv",
      "player_logs_run_1_10_27_2024_21_24_23_[PRACTICE].csv",
      "player_logs_run_2_10_27_2024_21_27_13_[PRACTICE].csv",
      "player_logs_run_3_10_27_2024_21_28_59.csv",
      "player_logs_run_2_10_27_2024_21_39_18_[PRACTICE].csv",
      "player_logs_run_3_10_27_2024_21_41_13.csv",
      "player_logs_run_3_10_27_2024_22_29_54.csv",
      "player_logs_run_4_10_27_2024_22_31_05.csv",
      "player_logs_run_1_10_27_2024_21_59_56_[PRACTICE].csv",
      "player_logs_run_2_10_27_2024_22_02_00_[PRACTICE].csv",
      "player_logs_run_3_10_27_2024_22_03_37.csv",
      "player_logs_run_4_10_27_2024_22_06_28.csv"
    ]
  },
  "Cluster 2": {
    "p_bullet_dmg": {
      "mean": 0.3197824638281127,
      "std": 0.21934674410962415,
      "min": 0.0,