{
  "num_clusters": 5,
  "feature_comparisons": {
    "p_bullet_dmg": {
      "cluster_stats": {
        "Cluster 0": {
          "mean": 0.14279294142276047,
          "std": 0.06750302455797424,
          "n": 16
        },
        "Cluster 1": {
          "mean": 0.725093899701131,
          "std": 0.09908348845715025,
          "n": 20
        },
        "Cluster 2": {
          "mean": 0.3641476807989721,
          "std": 0.24149551119217688,
          "n": 22
        },
        "Cluster 3": {
          "mean": 0.4828424818193135,
          "std": 0.13050045136882168,
          "n": 39
        },
        "Cluster 4": {
          "mean": 0.2536920399407631,
          "std": 0.06619800071226928,
          "n": 15
        }
      },
      "anova": {
        "f_statistic": 43.687698146006895,
        "p_value": 1.0915642920404218e-21
      },
      "significant_difference": true
    },
    "p_water_dmg": {
      "cluster_stats": {
        "Cluster 0": {
          "mean": 0.48978048600319524,
          "std": 0.2002214464687394,
          "n": 16
        },
        "Cluster 1": {
          "mean": 0.011336193868486,
          "std": 0.02596888545536321,
          "n": 20
        },
        "Cluster 2": {
          "mean": 0.25848615206195363,
          "std": 0.21480063800322288,
          "n": 22
        },
        "Cluster 3": {
          "mean": 0.06205965848015987,
          "std": 0.08399182692351893,
          "n": 39
        },
        "Cluster 4": {
          "mean": 0.11988164164862515,
          "std": 0.1282032085661182,
          "n": 15
        }
      },
      "anova": {
        "f_statistic": 34.09854301382123,
        "p_value": 2.48614637276036e-18
      },
      "significant_difference": true
    },
    "p_collision_dmg": {
      "cluster_stats": {
        "Cluster 0": {
          "mean": 0.3674265725740443,
          "std": 0.19483611384415522,
          "n": 16
        },
        "Cluster 1": {
          "mean": 0.2635699064303828,
          "std": 0.09218451466004476,
          "n": 20
        },
        "Cluster 2": {
          "mean": 0.3319116216845288,
          "std": 0.1855409140682803,
          "n": 22
        },
        "Cluster 3": {
          "mean": 0.45509785970052663,
          "std": 0.12074307423273228,
          "n": 39
        },
        "Cluster 4": {
          "mean": 0.6264263184106117,
          "std": 0.1336761333635159,
          "n": 15
        }
      },
      "anova": {
        "f_statistic": 15.48815898381315,
        "p_value": 5.021654319008283e-10
      },
      "significant_difference": true
    },
    "average_healing_percentage": {
      "cluster_stats": {
        "Cluster 0": {
          "mean": 0.2338619091168744,
          "std": 0.12822729830612953,
          "n": 16
        },
        "Cluster 1": {
          "mean": 0.4463774382954105,
          "std": 0.3859952371125107,
          "n": 20
        },
        "Cluster 2": {
          "mean": 0.7316372554913965,
          "std": 0.8544294687213537,
          "n": 22
        },
        "Cluster 3": {
          "mean": 0.31020904573567365,
          "std": 0.2208570093422197,
          "n": 39
        },
        "Cluster 4": {
          "mean": 0.6141576944631579,
          "std": 0.6769000374261168,
          "n": 15
        }
      },
      "anova": {
        "f_statistic": 3.48496609506699,
        "p_value": 0.010230002053376989
      },
      "significant_difference": true
    },
    "p_bullets_fired": {
      "cluster_stats": {
        "Cluster 0": {
          "mean": 0.02704702031495786,
          "std": 0.0236717007891329,
          "n": 16
        },
        "Cluster 1": {
          "mean": 0.0390305281840282,
          "std": 0.01857474293024941,
          "n": 20
        },
        "Cluster 2": {
          "mean": 0.0,
          "std": 0.0,
          "n": 22
        },
        "Cluster 3": {
          "mean": 0.06235651135113868,
          "std": 0.02098073117739753,
          "n": 39
        },
        "Cluster 4": {
          "mean": 0.01608642320232391,
          "std": 0.013650225949145075,
          "n": 15
        }
      },
      "anova": {
        "f_statistic": 46.909447509065814,
        "p_value": 1.0234084714147213e-22
      },
      "significant_difference": true
    },
    "p_bullets_missed": {
      "cluster_stats": {
        "Cluster 0": {
          "mean": 0.6610543298761382,
          "std": 0.38746919455387124,
          "n": 16
        },
        "Cluster 1": {
          "mean": 0.6388040414450592,
          "std": 0.16485002159009157,
          "n": 20
        },
        "Cluster 2": {
          "mean": 0.0,
          "std": 0.0,
          "n": 22
        },
        "Cluster 3": {
          "mean": 0.7728267576606994,
          "std": 0.07727931435178989,
          "n": 39
        },
        "Cluster 4": {
          "mean": 0.44242467064810864,
          "std": 0.3662584822651911,
          "n": 15
        }
      },
      "anova": {
        "f_statistic": 46.90007560883952,
        "p_value": 1.0303263408569114e-22
      },
      "significant_difference": true
    },
    "average_bullet_time": {
      "cluster_stats": {
        "Cluster 0": {
          "mean": 157.3896102366327,
          "std": 140.1985410798518,
          "n": 16
        },
        "Cluster 1": {
          "mean": 282.1828031942763,
          "std": 103.31121146804989,
          "n": 20
        },
        "Cluster 2": {
          "mean": 0.0,
          "std": 0.0,
          "n": 22
        },
        "Cluster 3": {
          "mean": 288.39595466335726,
          "std": 85.34310668825388,
          "n": 39
        },
        "Cluster 4": {
          "mean": 107.41758527406637,
          "std": 101.50606543776075,
          "n": 15
        }
      },
      "anova": {
        "f_statistic": 40.41871808471443,
        "p_value": 1.3472213167443806e-20
      },
      "significant_difference": true
    },
    "p_accelerated": {
      "cluster_stats": {
        "Cluster 0": {
          "mean": 0.5631629302921595,
          "std": 0.0661779831567101,
          "n": 16
        },
        "Cluster 1": {
          "mean": 0.7500067777743722,
          "std": 0.04341070400829906,
          "n": 20
        },
        "Cluster 2": {
          "mean": 0.8116750741712001,
          "std": 0.08834622092309977,
          "n": 22
        },
        "Cluster 3": {
          "mean": 0.620723055344282,
          "std": 0.04898863183059694,
          "n": 39
        },
        "Cluster 4": {
          "mean": 0.6187172906640783,
          "std": 0.04020322408060042,
          "n": 15
        }
      },
      "anova": {
        "f_statistic": 59.61708457659029,
        "p_value": 2.219067674560542e-26
      },
      "significant_difference": true
    },
    "p_right": {
      "cluster_stats": {
        "Cluster 0": {
          "mean": 0.21321955225934436,
          "std": 0.05356518097833671,
          "n": 16
        },
        "Cluster 1": {
          "mean": 0.11853763684218785,
          "std": 0.03338675231249117,
          "n": 20
        },
        "Cluster 2": {
          "mean": 0.10426949377987564,
          "std": 0.05689249372984225,
          "n": 22
        },
        "Cluster 3": {
          "mean": 0.19069950819141254,
          "std": 0.04495021051781956,
          "n": 39
        },
        "Cluster 4": {
          "mean": 0.17140224559449918,
          "std": 0.050736005506853074,
          "n": 15
        }
      },
      "anova": {
        "f_statistic": 19.42474462172426,
        "p_value": 4.8681780255557644e-12
      },
      "significant_difference": true
    },
    "p_left": {
      "cluster_stats": {
        "Cluster 0": {
          "mean": 0.22361751744849617,
          "std": 0.06439857591495546,
          "n": 16
        },
        "Cluster 1": {
          "mean": 0.13145558538344,
          "std": 0.03481817290880695,
          "n": 20
        },
        "Cluster 2": {
          "mean": 0.08405543204892424,