{
  "temp_player_logs_run_3_10_21_2024_12_15_53.csv": {
    "p_bullet_dmg": 0.5618000202086209,
    "p_water_dmg": 0.10111995867740624,
    "p_collision_dmg": 0.33708002111397284,
    "average_healing_percentage": 0.2981589337486955,
    "p_bullets_fired": 0.07252998286693318,
    "p_bullets_missed": 0.7755905511811023,
    "average_bullet_distance": 322.4468085106383,
    "p_accelerated": 0.60109103307194,
    "p_right": 0.20490964882372997,
    "p_left": 0.19399931810433005
  },
  "temp_player_logs_run_4_10_21_2024_12_17_00.csv": {
    "p_bullet_dmg": 0.4791800918011056,
    "p_water_dmg": 0.1677084499365322,
    "p_collision_dmg": 0.3531114582623623,
    "average_healing_percentage": 0.3072597726171099,
    "p_bullets_fired": 0.05216535433070866,
    "p_bullets_missed": 0.8443396226415094,
    "average_bullet_distance": 219.06060606060606,
    "p_accelerated": 0.6329331046312179,
    "p_right": 0.19811320754716982,
    "p_left": 0.16895368782161235
  },
  "temp_player_logs_run_5_10_21_2024_12_18_07.csv": {
    "p_bullet_dmg": 0.2796139865685374,
    "p_water_dmg": 0.28659464648966193,
    "p_collision_dmg": 0.43379136694180076,
    "average_healing_percentage": 0.18993535058157704,
    "p_bullets_fired": 0.03121978173780909,
    "p_bullets_missed": 0.6061946902654868,
    "average_bullet_distance": 335.86486486486484,
    "p_accelerated": 0.6723067370381869,
    "p_right": 0.17013349891338095,
    "p_left": 0.15755976404843217
  },
  "temp_player_logs_run_6_10_21_2024_12_19_59.csv": {
    "p_bullet_dmg": 0.33333678583205495,
    "p_water_dmg": 0.2930475922634319,
    "p_collision_dmg": 0.37361562190451303,
    "average_healing_percentage": 0.13856950205189555,
    "p_bullets_fired": 0.03082394783639597,
    "p_bullets_missed": 0.8346153846153846,
    "average_bullet_distance": 337.06976744186045,
    "p_accelerated": 0.6709100758396533,
    "p_right": 0.13962621885157098,
    "p_left": 0.18946370530877574
  },
  "temp_player_logs_run_7_10_21_2024_12_22_16.csv": {
    "p_bullet_dmg": 0.21683321930427554,
    "p_water_dmg": 0.46798184238968255,
    "p_collision_dmg": 0.31518493830604194,
    "average_healing_percentage": 0.15911942466856138,
    "p_bullets_fired": 0.0004078303425774878,
    "p_bullets_missed": 1.0,
    "average_bullet_distance": 0.0,
    "p_accelerated": 0.6491017964071857,
    "p_right": 0.15718562874251496,
    "p_left": 0.1937125748502994
  },
  "temp_player_logs_run_3_10_21_2024_12_31_00.csv": {
    "p_bullet_dmg": 0.8059701468478503,
    "p_water_dmg": 0.0,
    "p_collision_dmg": 0.19402985315214968,
    "average_healing_percentage": 0.2535195151410592,
    "p_bullets_fired": 0.04164743885556068,
    "p_bullets_missed": 0.7673130193905817,
    "average_bullet_distance": 270.5728155339806,
    "p_accelerated": 0.7352080417355897,
    "p_right": 0.1306782033337575,
    "p_left": 0.13411375493065275
  },
  "temp_player_logs_run_4_10_21_2024_12_33_14.csv": {
    "p_bullet_dmg": 0.75,
    "p_water_dmg": 0.0,
    "p_collision_dmg": 0.25,
    "average_healing_percentage": 0.4918326182156484,
    "p_bullets_fired": 0.03090214321315833,
    "p_bullets_missed": 0.7526881720430108,
    "average_bullet_distance": 310.8529411764706,
    "p_accelerated": 0.8316335659330828,
    "p_right": 0.12703524780819467,
    "p_left": 0.041331186258722494
  },
  "temp_player_logs_run_3_10_21_2024_12_45_15.csv": {
    "p_bullet_dmg": 0.30056364888928483,
    "p_water_dmg": 0.0,
    "p_collision_dmg": 0.6994363511107151,
    "average_healing_percentage": 0.6527276153692226,
    "p_bullets_fired": 0.024740622505985636,
    "p_bullets_missed": 0.7580645161290323,
    "average_bullet_distance": 156.89655172413794,
    "p_accelerated": 0.592435189120272,
    "p_right": 0.1661708457288568,
    "p_left": 0.24139396515087122
  },
  "temp_player_logs_run_4_10_21_2024_12_46_41.csv": {
    "p_bullet_dmg": 0.5172419622209574,
    "p_water_dmg": 0.028212069411407376,
    "p_collision_dmg": 0.4545459683676352,
    "average_healing_percentage": 0.427350427350427,
    "p_bullets_fired": 0.02796996908582364,
    "p_bullets_missed": 0.7421052631578947,
    "average_bullet_distance": 367.0701754385965,
    "p_accelerated": 0.6776545166402536,
    "p_right": 0.16973058637083993,
    "p_left": 0.15261489698890648
  },
  "temp_player_logs_run_3_10_21_2024_12_15_35.csv": {
    "p_bullet_dmg": 0.75,
    "p_water_dmg": 0.0,
    "p_collision_dmg": 0.25,
    "average_healing_percentage": 0.6522784287378499,
    "p_bullets_fired": 0.07664562669071236,
    "p_bullets_missed": 0.6823529411764706,
    "average_bullet_distance": 256.5,
    "p_accelerated": 0.6097560975609756,
    "p_right": 0.18451749734888653,
    "p_left": 0.20572640509013787
  },
  "temp_player_logs_run_4_10_21_2024_12_15_59.csv": {
    "p_bullet_dmg": 0.5806451564203955,
    "p_water_dmg": 0.0,
    "p_collision_dmg": 0.41935484357960456,
    "average_healing_percentage": 0.19868675183415935,
    "p_bullets_fired": 0.08241639697950377,
    "p_bullets_missed": 0.7801047120418848,
    "average_bullet_distance": 280.4605263157895,
    "p_accelerated": 0.7002874314084139,
    "p_right": 0.18343349882414423,
    "p_left": 0.11627906976744186
  }
}