{
  "metrics": {
    "distortions": [
      2.512050610451758,
      2.2901720192165715,
      2.096860305852262,
      1.919590894538032,
      1.8656770074363016,
      1.8261047288592496,
      1.7720883862666077,
      1.6861826920239678,
      1.6642237859399711
    ],
    "inertias": [
      823.6338554527835,
      690.3628357659297,
      596.3280378929586,
      497.1263281336776,
      460.7819331800175,
      446.4137486708065,
      406.76205818686594,
      362.7228597808304,
      356.41682843403134
    ],
    "silhouette_scores": [
      0.2956568936447903,
      0.29978477920980906,
      0.1939828115418946,
      0.20732239929875526,
      0.2059386837751167,
      0.15504834290500358,
      0.1772643024532114,
      0.20563491621009136,
      0.1646278588723597
    ],
    "calinski_scores": [
      37.89779833477963,
      32.82390895723551,
      30.722967032070223,
      32.67007073520011,
      29.58792092634693,
      25.76569768281917,
      25.439059009311524,
      26.26739197951689,
      23.727493035042222
    ],
    "davies_scores": [
      1.594210351167263,
      1.3755623753729622,
      1.4912449369669316,
      1.379999087117358,
      1.3666058049973193,
      1.53842980229181,
      1.347820642036666,
      1.2212656086816216,
      1.4172897598371323
    ]
  },
  "optimal_clusters": {
    "elbow_distortion": 5,
    "elbow_inertia": 5,
    "silhouette": 3,
    "calinski_harabasz": 2,
    "davies_bouldin": 9
  },
  "k_range": [
    2,
    3,
    4,
    5,
    6,
    7,
    8,
    9,
    10
  ]
}