{
  "metrics": {
    "distortions": [
      2.4519816496711755,
      2.2026703660708202,
      2.012543866325824,
      2.009412776493305,
      1.8265281156061335,
      1.7255619293290727,
      1.6597676489576203,
      1.6376205366795384,
      1.594917504140451,
      1.557387226998069,
      1.504403125944524,
      1.4656691870597314,
      1.433425344732268,
      1.3698915901438864,
      1.348734288258494,
      1.2726097216313634,
      1.247022192561637,
      1.2206604147520828,
      1.1848351182354275
    ],
    "inertias": [
      804.9815950699375,
      674.6367250121526,
      544.2047201804609,
      542.6274399997812,
      453.94856187660076,
      411.0058957235089,
      381.7583180747985,
      374.351353335428,
      348.1336084300722,
      326.85032154383896,
      299.75222480734334,
      289.6179799305179,
      279.38085445157964,
      248.23890138926163,
      241.86009246585104,
      209.04564541670766,
      202.71356818473032,
      194.16762333205259,
      184.76592407624247
    ],
    "silhouette_scores": [
      0.3302418551887198,
      0.22152790358587277,
      0.24694326808787442,
      0.19673397731555847,
      0.23540646533698648,
      0.2321942387079224,
      0.22183335582752942,
      0.19610938164192726,
      0.18863883733090286,
      0.1980969598132562,
      0.19945008631002667,
      0.20356532695723104,
      0.1913314319737431,
      0.19290573276162237,
      0.19809833755709924,
      0.2230259925252911,
      0.20214879563515195,
      0.2028562400748655,
      0.211696820333016
    ],
    "calinski_scores": [
      43.04697741480195,
      35.978323721407904,
      38.08976531227016,
      28.462836269415476,
      31.1054856740673,
      30.187880402536297,
      28.73064347824144,
      25.64496225342699,
      25.12776386028329,
      24.509113879922467,
      24.876539151926256,
      23.65409656961478,
      22.682209593962877,
      24.331637815714586,
      23.23696874056257,
      25.87373427251505,
      25.02079378851609,
      24.6357616031108,
      24.509399468304437
    ],
    "davies_scores": [
      1.3982521421825151,
      1.3360091828326155,
      1.3318549391499057,
      1.521348356497639,
      1.312151735084866,
      1.2538627836632341,
      1.2342208449510141,
      1.397376208460813,
      1.4333616843552013,
      1.3418947385106124,
      1.2927731459138112,
      1.2425061016882646,
      1.2404283518544974,
      1.1742286111598192,
      1.1545130755373298,
      1.0847982401199985,
      1.1231238881462318,
      1.1431443136947657,
      1.0966451650581837
    ]
  },
  "optimal_clusters": {
    "elbow_distortion": 7,
    "elbow_inertia": 7,
    "silhouette": 2,
    "calinski_harabasz": 2,
    "davies_bouldin": 17
  },
  "k_range": [
    2,
    3,
    4,
    5,
    6,
    7,
    8,
    9,
    10,
    11,
    12,
    13,
    14,
    15,
    16,
    17,
    18,
    19,
    20
  ]
}