{
  "metrics": {
    "distortions": [
      2.4519816496711755,
      2.2026703660708202,
      2.012543866325824,
      2.009412776493305,
      1.8265281156061335,
      1.7255619293290727,
      1.6597676489576203,
      1.6376205366795384,
      1.594917504140451
    ],
    "inertias": [
      804.9815950699375,
      674.6367250121526,
      544.2047201804609,
      542.6274399997812,
      453.94856187660076,
      411.0058957235089,
      381.7583180747985,
      374.351353335428,
      348.1336084300722
    ],
    "silhouette_scores": [
      0.3302418551887198,
      0.22152790358587277,
      0.24694326808787442,
      0.19673397731555847,
      0.23540646533698648,
      0.2321942387079224,
      0.22183335582752942,
      0.19610938164192726,
      0.18863883733090286
    ],
    "calinski_scores": [
      43.04697741480195,
      35.978323721407904,
      38.08976531227016,
      28.462836269415476,
      31.1054856740673,
      30.187880402536297,
      28.73064347824144,
      25.64496225342699,
      25.12776386028329
    ],
    "davies_scores": [
      1.3982521421825151,
      1.3360091828326155,
      1.3318549391499057,
      1.521348356497639,
      1.312151735084866,
      1.2538627836632341,
      1.2342208449510141,
      1.397376208460813,
      1.4333616843552013
    ]
  },
  "optimal_clusters": {
    "elbow_distortion": 6,
    "elbow_inertia": 6,
    "silhouette": 2,
    "calinski_harabasz": 2,
    "davies_bouldin": 8
  },
  "k_range": [
    2,
    3,
    4,
    5,
    6,
    7,
    8,
    9,
    10
  ]
}