{
    "levene_statistic": 217.0041156366233,
    "p_value": 6.219604892204858e-139,
    "significant": true
}