{
    "levene_statistic": 133.37353940223616,
    "p_value": 2.6701707202759023e-190,
    "significant": true
}