{
    "levene_statistic": 132.61289634368222,
    "p_value": 2.3569385827453625e-171,
    "significant": true
}