{
    "p_bullet_dmg": {
        "statistic": 13.685263339963036,
        "p_value": 0.00021614395304796218,
        "significant": true
    },
    "p_collision_dmg": {
        "statistic": 6.057991504931828,
        "p_value": 0.013843504143616923,
        "significant": true
    },
    "total_enemies_killed": {
        "statistic": 63.08347782440898,
        "p_value": 1.981290966607708e-15,
        "significant": true
    },
    "total_bullets_fired": {
        "statistic": 26.31165178514905,
        "p_value": 2.905305914416696e-07,
        "significant": true
    },
    "p_bullets_hit": {
        "statistic": 56.70781308590262,
        "p_value": 5.0562257493956867e-14,
        "significant": true
    },
    "total_time_alive": {
        "statistic": 65.80981078449429,
        "p_value": 4.966041708482373e-16,
        "significant": true
    }
}