{
    "p_bullet_dmg": {
        "statistic": 10.871228279140949,
        "p_value": 0.0009766973278238112,
        "significant": true
    },
    "p_water_dmg": {
        "statistic": 0.9405906465839409,
        "p_value": 0.33212598875354454,
        "significant": false
    },
    "p_collision_dmg": {
        "statistic": 19.27490808230669,
        "p_value": 1.1318406989875138e-05,
        "significant": true
    },
    "average_healing_percentage": {
        "statistic": 16.78656665139721,
        "p_value": 4.182836421661363e-05,
        "significant": true
    },
    "p_bullets_fired": {
        "statistic": 40.43646547535756,
        "p_value": 2.0311459981708137e-10,
        "significant": true
    },
    "p_bullets_missed": {
        "statistic": 29.376204337225147,
        "p_value": 5.96050532071563e-08,
        "significant": true
    },
    "average_bullet_time": {
        "statistic": 10.216397700289468,
        "p_value": 0.0013919746313554799,
        "significant": true
    },
    "p_accelerated": {
        "statistic": 61.322583600549706,
        "p_value": 4.8449102179941184e-15,
        "significant": true
    },
    "p_right": {
        "statistic": 31.72884791571238,
        "p_value": 1.7726942322803715e-08,
        "significant": true
    },
    "p_left": {
        "statistic": 45.594502977553816,
        "p_value": 1.4544919629700542e-11,
        "significant": true
    },
    "time_alive": {
        "statistic": 0.04452588181408146,
        "p_value": 0.8328782446594563,
        "significant": false
    }
}