{
    "p_water_dmg": {
        "statistic": 0.644207197400942,
        "p_value": 1.9600603576301148e-15,
        "significant": true
    },
    "p_collision_dmg": {
        "statistic": 0.9866318269463155,
        "p_value": 0.30306180174677666,
        "significant": false
    },
    "average_healing_percentage": {
        "statistic": 0.52197475149851,
        "p_value": 8.103783133432336e-18,
        "significant": true
    },
    "p_bullets_fired": {
        "statistic": 0.9591480271094303,
        "p_value": 0.0012852188739075328,
        "significant": true
    },
    "p_bullets_missed": {
        "statistic": 0.7890453339074575,
        "p_value": 1.1313965483075753e-11,
        "significant": true
    },
    "average_bullet_time": {
        "statistic": 0.8962630064124941,
        "p_value": 1.6988940972553147e-07,
        "significant": true
    },
    "p_accelerated": {
        "statistic": 0.9674726747557282,
        "p_value": 0.006121085068326492,
        "significant": true
    },
    "p_right": {
        "statistic": 0.9828207571796438,
        "p_value": 0.14078452437344363,
        "significant": false
    },
    "p_left": {
        "statistic": 0.9909665641353634,
        "p_value": 0.6410646712418289,
        "significant": false
    },
    "time_alive": {
        "statistic": 0.9852270968383615,
        "p_value": 0.22990274730067112,
        "significant": false
    }
}