{
    "p_bullet_dmg": {
        "statistic": 0.971270596812916,
        "p_value": 0.013549969713276424,
        "significant": true
    },
    "p_collision_dmg": {
        "statistic": 0.9845004859151741,
        "p_value": 0.20326683721801758,
        "significant": false
    },
    "total_enemies_killed": {
        "statistic": 0.8479591441589616,
        "p_value": 1.4575495655238258e-09,
        "significant": true
    },
    "total_bullets_fired": {
        "statistic": 0.9573222746636928,
        "p_value": 0.0009836802635159558,
        "significant": true
    },
    "p_bullets_hit": {
        "statistic": 0.863132491882387,
        "p_value": 5.948672867820899e-09,
        "significant": true
    },
    "total_time_alive": {
        "statistic": 0.983240005279399,
        "p_value": 0.15748240615913683,
        "significant": false
    }
}